TransporterId,Username,UserPassword,User_FirstName,User_LastName,User_MiddleName,PhoneNumber,ActiveStatus,AadharNumber,DrivingLicenseNumber,CurrentActiveOrders,PresentSalary
1,UribegoJD,fVx4Rtvs,Rayven,Newby,Dobbins,9988776654,0,620344729904,7319482713948,1,34029
2,urs5ta1ke1q,2E4xLnyK,Landon,Alfonso,,9321023421,1,751002290886,8902574309621,3,58672
3,o2g1a2n2ySE,zHBmE6tS,Stewart,Reno,,9836542356,0,956711978104,6138200497543,0,95748
4,SvirgedaOq,bge36Jm5,Bonnie,Hanlon,Billingsley,9876543210,0,477738049130,2406843150892,2,42387
5,hcklcipFP,9x9m2cUR,Mitchell,Toby,,9178901234,1,785526909331,9482017430256,1,71896
6,sperrurgeGa,TACaUf2j,Felicity,DeJesus,,9658741258,1,247861601719,3627490128405,2,87402
7,trimablogJF,KARqqZ5U,Kyron,Pool,Conner,9765432190,1,748503021934,8291645302817,3,23957
8,propincXW,Yatr7z7t,Kavon,Kenan,Kirby,9955667788,0,873764501254,5728930164850,1,68723
9,FagliettiOy,s9NCxjRn,Baby,Michael,,9820037200,0,332299050374,4936728159301,0,53016
10,tan2t1elBc,7NJch7Dt,Guy,Stubbs,Stevens,9966778899,1,846604670004,1405682938749,3,96241
11,coinvoltoWt,3ZgP3UJn,Lane,Karson,,9898989897,1,463123261034,9813240657420,2,37486
12,ffs1963AB,ALjCTxH3,Davonte,Butler,Oates,9812345678,1,206645507574,2758430912650,1,80957
13,trillunumSc,fpXmfMM8,Kinsey,Maria,Poirier,9988776655,0,754665107343,6031957249382,0,27541
14,kazakhnQ,SSpbS5wh,Melina,Stormy,Cagle,9700012345,1,385417720381,4109853670194,2,49635
15,stampkarEM,GHbMu9D9,Harlie,Stormy,Bertrand,9820023456,0,441829390739,8096315273456,3,73690
16,MirijelloMt,T6pWV5ZK,Essence,Amberly,McDowell,9898989898,1,906682752355,9281673051940,1,88214
17,SesuluKT,sx2ZHP7j,Adan,Bradford,,9555555555,1,587376121263,4720369512843,2,65403
18,Aboudan5y,2QBd8x26,Carl,Cyr,,9833355555,0,834824254348,7631984250674,0,29358
19,venetiellaXs,5ZDmtbVb,Katharine,Sims,Connell,9167200022,0,936501615927,2917340568214,3,59107
20,demararemx,5nvY5ED5,Milo,Jordi,Hatton,9821161193,1,777027744167,6058349721301,0,17469
21,namerG7,A6VYx8YM,Kent,Dominique,Handley,9876543211,1,358601693021,8402951632570,1,42786
22,Bergedorfsw,tfjaF6xA,Kaylea,Alanna,Farrow,9876543212,0,987722535277,6132579402184,3,60315
23,atributIB,MXUgs2Qq,Brooklyn,Kelsi,,9845112345,1,711085933826,3059184762095,2,91983
24,dymarkabw,P9T8vTvx,Jazlynn,Desai,,9867543210,0,467596970660,1759064829340,1,38675
25,milkoat8z,8tHr3GEA,Jazmyn,Reedy,Ashby,9923658741,0,567143701232,4501832975681,0,75826
26,razsoljenTH,4b26gbG7,Sunny,Brooke,Acuna,9711212121,0,214834338764,2903158740658,2,52438
27,kutijamaLK,zYuBSvz5,Magali,Brooklynn,Womack,9922266666,1,809752263109,9624305813479,1,96184
28,blewynnwndw,e7NB7A4b,Bret,Trystan,Dill,9922543210,1,876398504861,5840197362051,0,34502
29,avtomobilum,V7a9hR3J,Aryana,Gabriella,Coburn,9811066666,0,662841994390,3182095740635,3,68716
30,hawdalaw3,UZx83JAH,Elana,Mona,,9717733333,0,318849622998,2391586073412,1,92841
31,RaguthrK,mUcv83vV,Jaleel,French,,9818022222,1,393675192540,6742185039815,0,27963
32,lealtyevoroWT,sb4TsmSZ,Collin,VanHorn,,9810888888,1,947178064172,1082593476152,2,53970
33,alain49XX,QKPfCc5R,Dominik,Bacon,Barnes,9716644444,1,360726545069,5374816290735,3,81072
34,nimlalelebq,wBsnhLP7,Clayton,Tye,Rodriguez,9811161116,0,236358508829,2801345968721,1,16928
35,usesTG,9bynZsen,Joanna,Amy,,9818141414,0,817192209946,8450261973450,2,72938
36,gegratetho,98muyRcQ,Kaitlyn,Guy,,9717474747,0,603663695964,1968420375892,0,27463
37,jtnauske4,A4eH78ht,Dallin,Hodge,,9818272727,1,632239965825,9814306572945,3,96470
38,utskjemdRn,Hf3gvJSZ,Javion,Mortensen,Gillette,9818404040,1,883889439707,7509843167290,2,42608
39,eichenUD,d7YSbuQq,Ruth,Sheyla,Ferrara,9818838383,1,528514956987,3206871594382,0,69482
40,RatCauraBafxN,j8u39TXm,Anya,Tatyanna,,9818181818,0,581584294072,5928173640518,1,51370
41,abuhatmY,CLBfA4re,Darrien,Wayne,,9821616161,0,236432022784,4087659321487,3,83912
42,Groorcetae6,fw2HWrmd,Siera,Lott,Somers,9821787878,1,903133703269,7328410597386,0,67094
43,einvaldurg4,a4Cb3WgZ,Ryan,Jalen,Finch,9821303031,0,840087797106,5062498730512,1,23476
44,HemnskjelOT,EK2R5Jmv,Oscar,Cristian,,9821212122,0,720599936427,8290763154921,2,46982
45,iessanjoseqG,B69bKYZn,Cory,Bateman,Estep,9821081081,0,280470397882,7139582401650,3,58712
46,Iral4v,c9Qm5yaS,Mitchell,Jarvis,,9821818181,1,828497088288,9214075630892,2,39851
47,xoxofresaxoxo7H,Bkrr3FA9,Jack,Kuntz,,9821606060,0,918697284386,4689230715682,1,71986
48,esgremivap3,Qv3RbRxS,Julianne,Langley,,9821383838,1,523942768035,8274056193871,0,85247
49,eviluncletonyjV,TAjdP6Sx,Stone,Petersen,,9821191915,1,983811666677,6948170352804,2,31295
50,meenuuhoT,u52R43J3,Ellen,Schumacher,Elizondo,9821313131,0,890307726302,5814206938740,1,68436
51,siedwyrqH,jFcRg34S,Xzavier,Lester,Hannah,9821333333,0,952130825252,2098574631528,0,17692
52,BendelinDH,b5Ck5bR8,Lucille,Elisabeth,Coughlin,9821575857,0,994167303237,9378410652930,3,54970
53,dilapidiKP,X9RYMEtt,Colton,Titus,,9821393939,1,236546141426,6718435920751,1,81427
54,alitokewafI,ZAGg9NTw,Makala,Murillo,Shen,9821050505,1,398048882567,3845296107543,0,49185
55,lametatwa,TL3eJ39s,Mikaela,Jaidyn,,9821979797,0,656354096127,9463012578340,3,93570
56,megan3nyifQ,ZtZ9bKVK,Aliya,Epstein,,9821040404,0,239613605296,3274159684021,2,28641
57,sembahanOx,McVkUdz4,Michele,Madrid,Oldham,9821535354,1,579794955101,4581309267410,1,64719
58,wonyErroroucttN,YSSWj7GR,Alison,Layla,,9821373738,0,574856358480,1039574821065,2,80275
59,handgripVn,MLFWmJ5f,Alysha,Falk,,9821020202,1,765690715904,7891462503182,0,38296
60,haitapata1V,UV6mQPrd,Ryland,Holliday,Godwin,9821444444,1,347405187293,5263198740598,3,91237
61,DurdisMc,zf8C3FCX,Zoie,Candice,Ricker,9821464646,1,684772056870,4709831265081,0,26743
62,ultimorayocl,ZTeEkJh2,Anne,Stephany,French,9821222222,0,434258844950,8926054173196,2,43581
63,opasnijomBa,r9uExFgH,Jacoby,Matteo,Brandt,9821545454,0,622556838721,1836497025480,1,57903
64,CinnaS,5cKd6EhD,Mikael,Coleman,Hulsey,9821363636,1,794616603930,5291046837152,3,75916
65,arteydeseoE1,4MdcpBB4,Karyme,Ayesha,,9821292929,1,269558657393,7301958462109,1,24378
66,ghettobeckyz1,emKQ3g5B,Hattie,Page,,9821515151,1,962038050220,8690421350793,0,69750
67,NebennamenL,LJKdVH3T,Kasey,Dill,,9821424242,0,225890798372,1048539620715,2,58632
68,hardshipxx,2nMJb3z6,Brent,Hacker,Guerrero,9821262628,0,779105691737,6412890375248,3,93506
69,capantaED,3cBXN28g,Wilson,Julien,Hanlon,9821282828,1,291634103223,3079468250198,1,43097
70,dilapidioO,6KmmRX4T,Aurora,Mickayla,McCallum,9821565656,1,307139711033,7254069315482,0,71863
71,bryteiq0,t2De5YGy,Bowen,George,Cisneros,9821202020,1,585547535626,9562138470520,2,15408
72,VecchiayT,N2CXUbGc,Gonzalo,Latrell,,9821232323,0,351432205014,2948503617059,0,36281
73,WoosmerSx,5tX9utAZ,Maximus,Whitt,,9821343434,0,726381755584,6781045293185,1,81946
74,funsoleilvj,JA7sjqpU,Carley,Lindberg,Berry,9821555555,0,425819122818,1409265837094,3,53609
75,Scelpepelrykm,9ra7tLbZ,Keshawn,Brennan,,9821595959,0,512937856655,3905278160345,2,94617
76,Jakasha1M,w49F57Js,Colt,Pino,Coble,9821242424,1,839015516408,8436501924758,0,18536
77,kinghakimHm,nZu89Mhp,Ashli,Avery,Paxton,9821272727,0,259285406417,5264190830715,1,73059
78,ngitholaD9,9H78Vpd4,Julius,Edmund,,9821414141,1,428257187253,2984750361294,2,34980
79,siberianorH,GE9vbwBJ,Braxton,Lindley,Gilman,9821494950,1,774435244370,6139705284135,3,91275
80,szintagmaHA,yvrKNeX8,Linnea,Tea,Browne,9821404040,0,695301530086,9708352618401,1,59824
81,geminimodel9r,2GGZtL8a,Karina,Magaly,Ogle,9821505050,0,672390975202,1802649357814,0,87610
82,OfsjenG8,sExFpPa7,Heaven,Billie,Downs,9821454545,0,461847404242,7623049185301,3,61357
83,kornelijuVd,x2q2ajhN,Lexie,Jolene,Llamas,9821525252,1,573136511216,4807153698240,2,41568
84,dvokla62,t7b5HLUJ,Alexandrea,Laken,,9821303030,1,385621263826,9230741568094,1,92085
85,Zehenringe6,DmaD4fHc,Fernando,Faulkner,Wolford,9821474747,1,671155981912,82746391528374,3,27691
86,matinu3L,MWZRn6Qx,Morgan,Dante,,9821585858,1,285465619346,61940573829740,0,50924
87,scuide5X,rDT4EKty,Greyson,Roth,,9821191919,0,654275601363,57382019563248,2,77108
88,carlaherebr,kbQHWUD2,Allie,Strain,Dietrich,9821212121,0,820686072574,84920631758492,1,35691
89,mjasusieK,rx7GX2Ck,Carrie,Kassie,Finney,9821373737,0,845384407707,39284051693750,3,94058
90,mandajayneXI,E3zML4Qg,Stuart,Javonte,,9821262626,1,712326883989,10624830571986,0,73829
91,loinid28,bGLs27MT,Abram,Bock,Howard,9821494949,1,423956947215,73495821630457,2,12378
92,elblogdeleoCC,es6vHyGZ,Raquel,Krista,Peoples,9821434343,1,315324571860,49102368752619,1,67249
93,KutasPs,yFUMNC3D,Niya,Shayna,Rangel,9821535353,0,888888888888,27580491362845,0,58107
94,te3t2tl,V5ppguxE,Hanna,Shreya,,9821575757,0,777777777777,84671509362851,3,89014
95,anbruddAS,EVf7qEWQ,Kennedy,Diamond,,8008008008,1,666666666666,90743125869042,1,30751
96,beautycorsets3H,a9KWAVC3,Tyra,McIntire,,7007007007,1,555555555555,50298617345068,2,94860
97,precyzjaBd,qne56Z8G,Skyler,Hidalgo,,6006006006,0,444444444444,31847592685019,0,48236
98,blolvemorTF,9PaPd6Sz,Rowan,Jiang,,5005005005,0,989898989898,68013957248109,3,71905
99,mayhemkidSF,zbyAQk6k,Presley,Almeida,,4004004004,0,787878787878,96581704325786,2,16572
100,marxel39IM,x6AB4QCz,Terrence,Bernal,,9009009009,1,656565656565,78430921650972,1,85390
