RequestId,User_FirstName,User_LastName,User_MiddleName,PhoneNumber,AadhaarNumber,DrivingLicenseNumber,RequestStatus
1,Savanah,Azaria,Mcafee,7152045150,979092681363,384723759131,1
2,Kurtis,Petty,,8806836258,511886419624,593855021632,0
3,Analisa,Carbone,,8830552738,367544511691,278766482001,0
4,Clarence,Rashad,Golden,8253588942,913292788373,656908816857,1
5,Hernan,Armenta,,9094249801,646153801083,900619513489,1
6,Ashton,Zachary,Pence,9010743220,613118109678,956885475189,0
7,Elisha,Sommers,,9931578201,927208345025,674691723941,1
8,Kirstin,Cagle,,9248228511,435953590229,207476026784,1
9,Mara,Toney,,7483956162,681485039403,565778128241,0
10,Luc,Michel,,9082842976,870336810250,132455570033,0
11,Aditya,Alonzo,,8740067251,910191104495,808513310452,1
12,Trevin,Roland,Atwell,8979497550,817779231174,132828215010,1
13,Ciera,Desantis,,7243122437,828315587771,796876921319,0
14,Dallin,Deonte,Bittner,8243732592,737565504932,150962436430,0
15,Kent,Carlo,Feeney,9038266324,237902497409,984407441528,1
16,Katia,Vickers,,9054159929,651395976602,739858432435,1
17,Cathy,Brooke,Jolly,8575422450,900610197974,466083306538,0
18,Devyn,Chester,,7522299829,801402800088,671162763631,0
19,Rolando,Singer,,8585175681,239324709470,602914229680,1
20,Misty,Maiya,Graf,9279104062,490183243106,498915595707,0
21,Imari,Karly,Mast,7267574132,736256811296,649738118037,1
22,Maranda,Halle,Gibson,8251325229,246568958437,721126233152,0
23,Melanie,Ferris,,7538037078,851433327431,928572556327,1
24,Cooper,Ronnie,Putnam,8168671008,500531635449,784194103834,1
25,Abigail,Kinsey,Willett,9646813106,222998651592,617770739385,0
26,Harvey,Wheaton,,9222667721,499036207957,245475563314,1
27,Layla,Cathy,Chiu,7250936807,487068006565,516129295910,1
28,Kristian,Ayesha,Malley,9256571504,566863584643,827661010119,0
29,Lazaro,Hobson,,7978084612,728664755158,374852789127,0
30,Tobias,Joe,Garay,8587282743,624480035991,171152134508,1
31,Giovanni,Meyers,,8892901253,210075129561,223150935787,0
32,Dominic,Murphy,,9523074407,661212762746,741370265686,0
33,Sahil,Jovany,Carpenter,8888109045,810441968207,746304964401,1
34,Mikaela,Kallie,Vo,8090101534,490016040285,386957078383,1
35,Jala,Hailie,Earley,8771067148,304051225098,642022783224,1
36,Andrea,Houck,,7465512205,973137036592,414661588660,0
37,Warren,Douglas,,7121380136,362710026884,909723824724,1
38,Tobias,Wingate,,9396189172,262807866306,605158027600,0
39,Ethan,Tyler,,7958824776,849832696678,648273683839,0
40,Giovanna,Vidal,,8908389274,300841290620,965444639288,1
41,Yazmin,Scherer,,9982539393,244841102908,297213449808,1
42,Ayana,Goodman,,7058861004,319017418218,692262643684,0
43,Pamela,Annmarie,Hope,7796019262,867667503204,204856345397,1
44,David,Andrade,,8989074066,613706782531,332850045377,0
45,Deangelo,Paris,Younger,8086655705,273941115866,467418171443,1
46,Curtis,Lance,,8635807214,802634319328,887605407834,0
47,Mariel,Scanlon,,7649804851,224393587973,900918933954,1
48,Isabella,Rosalie,Wolford,8652022695,329498210888,774913630600,0
49,Dontae,Andrade,,8842779816,607631728439,764887836723,2
50,Spencer,Aubrey,Tamayo,7508573171,918918310729,277254590575,1
51,Heidy,Hunt,,7722134441,864374062537,926096280142,0
52,Lynette,Cecil,,9694284668,313078048751,791711574932,2
53,Shayna,Bailee,Douglas,8258816860,815216566836,992288358248,1
54,Saige,Domonique,Harder,8600127048,382201978360,709620206708,0
55,Betty,Brigid,Van,7422060054,762785813204,747661770672,0
56,Adrian,Jefferson,Arias,9775393870,826915041191,982499173453,2
57,Desmond,Abner,Johnston,7583352713,452807228829,221554299168,1
58,Semaj,Jasper,Kitchens,7547573393,340645966206,253176228511,2
59,Sahil,Harms,,9945389440,863438098180,918759172738,0
60,Cornelius,Desean,Riddle,8966859699,865369138852,361064938331,2
61,Treyton,Stefan,Browne,9728674371,203559127347,953277898959,0
62,Morgan,Provost,,8567139127,893831841820,700225118560,2
63,Brayan,McDaniel,,8689204589,415829158533,920171054927,1
64,Alena,Orr,,8723352839,885576506901,386320267161,2
65,Payne,Reddy,,9149049618,894325214611,649450973823,1
66,Dorian,Salcido,,7227639230,330959303769,258852965136,0
67,April,Samuel,,8456284826,653559664666,753517105816,2
68,Sahil,Brendon,Landis,8672324966,600158747317,655826780100,1
69,Noah,Adan,Keaton,8037494107,696466058182,395558929459,1
70,Erykah,Shields,,7036842127,676047362152,994000915035,0
71,Shannon,Kennedy,,7420672200,947126648098,254601625333,2
72,Khalil,Roberts,,8617446885,743733198559,814268873490,0
73,Rylee,Berger,,9131594840,873198541845,470988329055,1
74,Kian,Jacob,Pulido,9470487050,649884061287,494701106052,2
75,Gary,Chaffin,,9263959491,909016035229,739210414412,2
76,Brenda,Shaina,Roth,7795945122,591698434063,425024103706,0
77,Drew,Putman,,8923105102,998252965363,745839449277,1
78,Christin,Hope,,9675626130,541250543523,743207877987,2
79,Rene,Parson,,7368332603,833445850996,794523847161,2
80,Brayden,Wayne,,8114320048,819294032481,473324935539,1
81,Mckenzie,Kilpatrick,,9336296506,915880729082,546416619610,0
82,Adrian,Goff,,7026896569,416722246808,528724262575,2
83,Dexter,Ricks,,9324113381,661709421499,239425949108,2
84,Jaxson,Jessie,Thacker,7577274610,705353065687,149291335927,1
85,Nia,Tara,Burks,7881044519,276339456928,357179346754,2
86,Maira,Stone,,7114476750,559391034470,220645701764,0
87,Audra,Briana,Shepherd,8322752494,345866286737,378453696501,2
88,Braydon,Elijah,Regalado,8086820966,210886727022,906640097505,1
89,Leann,Julianna,Yoo,7059711690,499751248717,928093182535,2
90,Helen,Centeno,,8744839717,305053436796,655180043384,0
91,Jaleel,Deion,Pritchett,8301407325,239849193558,711829996423,2
92,Kenna,Cameryn,Delacruz,8971634664,433230403601,403787465280,1
93,Katerina,Rutledge,,8392392153,450898214495,924771090487,0
94,Kacie,Ireland,,8745029189,758918667158,925212831209,2
95,Elise,Sage,Kiser,9164354494,218292455547,309017807472,1
96,Trevor,Konnor,Nichols,7514915594,463246983508,509627329557,2
97,Eve,Ann,Richmond,7935230925,236468400251,389844257975,0
98,Melvin,Dwyer,,8936331185,698475172596,217669637377,2
99,Kalista,Archer,,8520664814,504834481864,160565288432,2
100,Mordechai,Robledo,,7061104754,225286134362,590543038807,1
